id,label,office,type1class,type2class,subject
1,"1,000 Days",Washington DC,Recently reported or proposed bodies,international organization membership,"infants; maternity, paternity; nutrition"
2,Academic Council on the United Nations System (ACUNS),,"Organizations emanating from places, persons or other bodies",international organization membership,educators; systems; United Nations
3,ACAPS,Geneva,"Organizations having a special form, eg foundation, funds",,assessment; humanitarian
4,Accountable Now,Berlin,"Organizations having a special form, eg foundation, funds",international organization membership,nongovernmental; responsibility
5,Action Against Hunger,Paris,"Organizations having a special form, eg foundation, funds",,welfare; undernourishment; emergencies; humanitarian
6,Action for Global Health (AfGH),London,"Organizations emanating from places, persons or other bodies",international organization membership,health
7,Active Learning Network for Accountability and Performance in Humanitarian Action (ALNAP),London,"Organizations having a special form, eg foundation, funds",international organization membership,education; humanitarian; responsibility
8,Adventist Development and Relief Agency International (ADRA),Silver Springs MD,"Organizations having a special form, eg foundation, funds",,agency; welfare; protestant; development; humanitarian
9,Advocacy Network for Africa (ADNA),New York NY,Internationally-oriented national organizations,international organization membership,societal problems
10,Africa Peace Forum,Nairobi,Internationally-oriented national organizations,,peace
11,Africa Rehabilitation and Education Programme Foundation (AREP Foundation),Nairobi,Currently inactive non-conventional bodies,foundation/fund; no recent news,rehabilitation; education
12,African Child Policy Forum (ACPF),Addis Ababa,"Organizations having a special form, eg foundation, funds",,infants; policy
13,African Commission on Human and Peoples' Rights (ACHPR),Banjul,"Organizations emanating from places, persons or other bodies",intergovernmental organization,human; peoples; rights; human rights organizations
14,African Committee of Experts on the Rights and Welfare of the Child (ACERWC),Addis Ababa,"Organizations emanating from places, persons or other bodies",intergovernmental organization,infants; welfare; expertise; rights
15,African Democracy Forum (ADF),Kigali,"Organizations having a special form, eg foundation, funds",,democracy
16,African Methodist Episcopal Church Service and Development Agency,Washington DC,Internationally-oriented national organizations,,agency; services; protestants; methodists; development
17,African Network for Prevention and Protection Against Child Abuse and Neglect (ANPPCAN),Nairobi,"Organizations having a special form, eg foundation, funds",,infants; prevention; protection; maltreatment; deprivation
18,African Programme for Onchocerciasis Control (APOC),Ouagadougou,Inactive or dissolved international organizations,intergovernmental organization; no recent news,pathology; specific diseases; health; control; economic; development
19,Africare,Washington DC,"Organizations having a special form, eg foundation, funds",,humanitarian
20,Agence française de développement (AFD),Paris,Internationally-oriented national organizations,intergovernmental organization,agency; development
21,Agency for International Trade Information and Cooperation (AITIC),,"Organizations having a special form, eg foundation, funds",intergovernmental organization; trade association,agency; information; trade; diplomacy; cooperation
22,Aide et Action International Afrique,"Lome, Togo","Organizations having a special form, eg foundation, funds",,aid
23,Alliance for Child Protection in Humanitarian Action (The Alliance),New York NY,"Organizations emanating from places, persons or other bodies",international organization membership,infants; protection; humanitarian
24,Alliance for Food Aid,Washington DC,Internationally-oriented national organizations,international organization membership,food; aid; humanitarian
25,Alliance for Lobbying Transparency and Ethics Regulation (ALTER-EU),Brussels,"Organizations having a special form, eg foundation, funds",,influencing; censorship; regulation; morals
26,Alliance for Malaria Prevention (AMP),,"Organizations emanating from places, persons or other bodies",international organization membership,specific diseases; prevention
27,Alliance for Peacebuilding,Washington DC,Internationally-oriented national organizations,international organization membership,peacekeeping
28,Alliance of NGOs on Crime Prevention and Criminal Justice,Vienna,"Organizations emanating from places, persons or other bodies",international organization membership,nongovernmental; prevention; crime; United Nations; policy; justice; humanitarian
29,Alliance to End Hunger,Washington DC,Internationally-oriented national organizations,international organization membership,undernourishment
30,America's Development Foundation,Alexandria VA,Internationally-oriented national organizations,foundation/fund,development
31,American Council for Voluntary International Action (InterAction),Washington DC,Internationally-oriented national organizations,international organization membership,voluntary; aid
32,American Friends Service Committee,Philadelphia PA,Internationally-oriented national organizations,,welfare; friendship; services; humanitarian; idealism
33,American Jewish Joint Distribution Committee,New York NY,"Organizations emanating from places, persons or other bodies",,distribution; Judaism
34,American Jewish World Service,New York NY,Internationally-oriented national organizations,,services; Judaism
35,American Near East Refugee Aid,Washington DC,Internationally-oriented national organizations,,refugees; aid; humanitarian
36,American Red Cross Overseas Association,Sammamish WA,Internationally-oriented national organizations,,overseas; emergencies
37,American Refugee Committee,Minneapolis MN,Internationally-oriented national organizations,,refugees; humanitarian
38,Americares Foundation,Minneapolis MN,Internationally-oriented national organizations,,refugees; humanitarian
39,Americas Network on Nationality and Statelessness,,Recently reported or proposed bodies,,citizenship
40,amfori,Brussels,Regionally defined membership organizations,,trade; sustainable development; purpose
41,Amigos de las Américas,Houston TX,Internationally-oriented national organizations,,friendship
42,Amnesty International (AI),London,Universal membership organizations,,detention; maltreatment; arbitration; rights; freedom
43,Amref Health Africa,Nairobi,"Organizations having a special form, eg foundation, funds",foundation/fund,medicine; research; health
44,Ananda Marga Universal Relief Team,Rockville MD,"Organizations having a special form, eg foundation, funds",,welfare; emergencies; charismatic religions; humanitarian
45,Andean Information Network (AIN),Cochabamba,"Organizations having a special form, eg foundation, funds",primarily individuals as members,information; pharmacy
46,Andrew W Mellon Foundation,New York NY,Internationally-oriented national organizations,foundation/fund,finance; education; economics; culture; international relations
47,Anti-Slavery International,London,Intercontinental membership organizations,primarily individuals as members,maltreatment; human rights organizations
48,Arab Institute for Human Rights (AIHR),Tunis,"Organizations emanating from places, persons or other bodies",research institute,rights
49,Arab Organization for Human Rights (AOHR),Cairo,Regionally defined membership organizations,,rights; human rights organizations
50,Arias Foundation for Peace and Human Progress,"San Jose, Costa Rica",Internationally-oriented national organizations,foundation/fund,human; progress; peace
51,ARKADAS,,Currently inactive non-conventional bodies,no recent news,planetary activities; leadership
52,Armenian Relief Society (ARS),Watertown MA,"Organizations emanating from places, persons or other bodies",,welfare; culture; individuation; humanitarian
53,Article 36,London,Internationally-oriented national organizations,,accidents; destruction; arms
54,"Asia Pacific Forum on Women, Law and Development (APWLD)",Chiang Mai,"Organizations having a special form, eg foundation, funds",primarily individuals as members,women; law; development
55,Asia-Pacific Regional Network for Early Childhood (ARNEC),Singapore,"Organizations emanating from places, persons or other bodies",,infants
56,Asian Center for Population and Community Development (ACPD),Bangkok,Internationally-oriented national organizations,,growth; communities; health; birth control; population; development
57,Asian Centre for Organisation Research and Development (ACORD),Delhi,"Organizations emanating from places, persons or other bodies",,research; development
58,Aspen Network of Development Entrepreneurs (ANDE),Washington DC,"Organizations emanating from places, persons or other bodies",international organization membership,self employed; development
59,Association for African Medicinal Plants Standards (AAMPS),"Port Louis, Mauritius",Inactive or dissolved international organizations,no recent news,plants; standards; pharmacy
60,Association for the Prevention of Torture (APT),Geneva,Regionally defined membership organizations,primarily individuals as members,prevention; maltreatment; humanitarian
61,Association of Learned and Professional Society Publishers (ALPSP),Watford UK,Regionally defined membership organizations,trade association; international organization membership,professions; publishing; educational level; professional bodies
62,ATHENA Network (ATHENA),,"Organizations having a special form, eg foundation, funds",international organization membership,physiology; sex-related questions; finance; rights
63,Atlas Alliance,Oslo,Internationally-oriented national organizations,,cartography; disabled
64,Atlas Service Corps,Washington DC,Internationally-oriented national organizations,,services; cartography
65,Australian Aid,,Currently inactive non-conventional bodies,dissolved/dormant; intergovernmental organization,disadvantaged; agency; development; sustainable development; aid
66,Avocats Sans Frontières (ASF),Brussels,"Organizations having a special form, eg foundation, funds",primarily individuals as members,law; lawyers; rights
67,B'nai B'rith International,Washington DC,Intercontinental membership organizations,primarily individuals as members,Judaism; idealism
68,Baptist World Aid,Falls Church VA,"Organizations having a special form, eg foundation, funds",,welfare; emergencies; Baptist; sustainable development; aid; humanitarian
69,Basic Education Coalition,Washington DC,"Organizations having a special form, eg foundation, funds",international organization membership,educational content
70,Better Than Cash Alliance,New York NY,"Organizations emanating from places, persons or other bodies",international organization membership,finance
71,Bioversity International,"Maccarese, Italy","Organizations emanating from places, persons or other bodies",intergovernmental organization,genetics; nutrition; agriculture; diversity
72,Blumont International,Arlington VA,Internationally-oriented national organizations,,welfare; development
73,Bread for the World Institute,Washington DC,Internationally-oriented national organizations,research institute,disadvantaged; development; policy
74,"Bread for the World, USA",Washington DC,Internationally-oriented national organizations,,undernourishment; baked foodstuffs; ecumenism; law; Christianity
75,Bretton Woods Project,London,Internationally-oriented national organizations,,social; finance; environment
76,British Overseas NGO's for Development (BOND),London,Internationally-oriented national organizations,international organization membership,overseas; nongovernmental; development; assistance
77,Brother's Brother Foundation,Pittsburgh PA,Internationally-oriented national organizations,foundation/fund,health; education; aid; humanitarian
78,Buddhist Tzu Chi Foundation,San Dimas CA,"Organizations having a special form, eg foundation, funds",foundation/fund,Buddhism; Hinduism; aid; humanitarian
79,Business Humanitarian Forum (BHF),Geneva,"Organizations having a special form, eg foundation, funds",,business enterprises; humanitarian
80,Campaign to Stop Killer Robots,New York NY,"Organizations having a special form, eg foundation, funds",international organization membership,destruction; arms; electronics
81,Campaña Latinoamericana por el Derecho a la Educación (CLADE),Sao Paulo,"Organizations having a special form, eg foundation, funds",international organization membership,education; rights
82,Canadian International Development Agency (CIDA),,Currently inactive non-conventional bodies,dissolved/dormant; intergovernmental organization,agency; development
83,CARE International,Brussels,"Organizations having a special form, eg foundation, funds",foundation/fund,welfare; care; assistance; cooperative; humanitarian
84,Caribbean Coalition for Development and Reduction of Armed Violence,"Port-of-Spain, Trinidad-Tobago",Regionally defined membership organizations,,maltreatment; arms; development
85,Caritas Internationalis,Vatican City,Universal membership organizations,international organization membership,disadvantaged; welfare; Catholicism; development; humanitarian
86,CartONG,"Chambery, France","Organizations having a special form, eg foundation, funds",,geography; nongovernmental; welfare; cartography
87,Catholic Relief Services,Baltimore MD,"Organizations having a special form, eg foundation, funds",,welfare; services; Catholicism; humanitarian
88,Center for Civilians in Conflict (CIVIC),Washington DC,Internationally-oriented national organizations,,conflict; citizenship
89,Center for Health and Gender Equity,Washington DC,Internationally-oriented national organizations,,sex-related questions; health; equality; rights; human rights organizations
90,Center for Information on Migration in Latin America,Buenos Aires,"Organizations emanating from places, persons or other bodies",intergovernmental organization,migrants; information
91,Central American Association of Families of Missing Detainees,,Inactive or dissolved international organizations,primarily individuals as members; no recent news,family; disadvantaged; detention; maltreatment; rights
92,Central and Eastern European Law Initiative (CEELI),Prague,"Organizations emanating from places, persons or other bodies",,law
93,Centro Panamericano de Ingenieria Sanitaria y Ciencias del Ambiente (CEPIS),Lima,Currently inactive non-conventional bodies,intergovernmental organization; no recent news,hazards; hygiene; health; engineering; environment; science
94,Child and Youth Finance International (CYFI),,Currently inactive non-conventional bodies,dissolved/dormant; international organization membership,infants; youth; finance
95,Child Rights Connect,Geneva,"Organizations emanating from places, persons or other bodies",international organization membership,infants; rights
96,Child Rights International Network (CRIN),London,"Organizations having a special form, eg foundation, funds",,infants; rights
97,ChildFund Alliance,New York NY,"Organizations having a special form, eg foundation, funds",international organization membership,infants; disadvantaged; funds; emergencies; health; war
98,ChildFund International,Richmond VA,"Organizations having a special form, eg foundation, funds",foundation/fund,funds
99,Chinese Association for International Understanding (CAFIU),Beijing,Internationally-oriented national organizations,,international relations
100,CHS Alliance,Geneva,Universal membership organizations,international organization membership,hazards; vulnerability; quality unification; standards; humanitarian; responsibility
101,Church World Service,Elkhart IN,Internationally-oriented national organizations,,welfare; services; care; churches; humanitarian
102,Citizens' Pact for South Eastern Europe (CP),,"Organizations having a special form, eg foundation, funds",,citizenship; agreements
103,CIVICUS: World Alliance for Citizen Participation,Johannesburg,"Organizations having a special form, eg foundation, funds",international organization membership,society; participation; citizenship
104,Civil Society Joint Facilitation Committee (JFC),,"Organizations emanating from places, persons or other bodies",international organization membership,society; banking
105,Climate Action Network Europe (CAN Europe),Brussels,"Organizations emanating from places, persons or other bodies",international organization membership,climate
106,Coalition Eau,"Montreuil, France",Internationally-oriented national organizations,international organization membership,water; beverages; hygiene
107,Coalition for the International Criminal Court (CICC),Washington DC,"Organizations emanating from places, persons or other bodies",international organization membership,crime; tribunals; courts
108,Coalition of European Lobbies on Eastern African Pastoralism (CELEP),Brussels,Regionally defined membership organizations,international organization membership,influencing; experiential activity
109,Codex Alimentarius Commission (CAC),Rome,"Organizations emanating from places, persons or other bodies",intergovernmental organization,food; WHO bodies; FAO bodies; law
110,Combat Blindness International,Madison WI,Internationally-oriented national organizations,,blind; visually impaired
111,Comité Catholique contre la Faim et pour le Développement-Terre Solidaire,Paris,Internationally-oriented national organizations,,undernourishment; Catholicism; development; aid; cooperative; humanitarian
112,Committee Against Torture (CAT),Geneva,"Organizations emanating from places, persons or other bodies",intergovernmental organization; primarily individuals as members,maltreatment; United Nations
113,Committee for Asian Women (CAW),Bangkok,"Organizations having a special form, eg foundation, funds",,women; workers; consciousness
114,Committee on the Elimination of Discrimination against Women (CEDAW),Geneva,"Organizations emanating from places, persons or other bodies",intergovernmental organization,women; United Nations; equality; rights; discrimination; freedom
115,Committee on the Elimination of Racial Discrimination (CERD),Geneva,"Organizations emanating from places, persons or other bodies",intergovernmental organization,racial; ethnic groups; United Nations; discrimination
116,Committee on the Rights of the Child,Geneva,"Organizations emanating from places, persons or other bodies",intergovernmental organization,infants; United Nations; rights; human rights organizations
117,Commonwealth Secretariat,London,Intercontinental membership organizations,intergovernmental organization,intergovernmental communities; government
118,Communicating with Disaster Affected Communities Network (CDAC Network),London,"Organizations having a special form, eg foundation, funds",international organization membership,communities; communication; emergencies
119,Confédération européenne des ong d'urgence et de développement (CONCORD),Brussels,Regionally defined membership organizations,international organization membership,nongovernmental; welfare; development
120,Conference of Non-Governmental Organizations in Consultative Relationship with the United Nations (CONGO),Geneva,"Organizations emanating from places, persons or other bodies",international organization membership,nongovernmental; advisory; United Nations; humanitarian
121,Congressional Hunger Center,Washington DC,Internationally-oriented national organizations,,undernourishment
122,Consortium for Street Children (CSC),London,Internationally-oriented national organizations,international organization membership,infants; disadvantaged
123,Consortium of Christian Relief and Development Association (CCRDA),Addis Ababa,Internationally-oriented national organizations,international organization membership,disadvantaged; employment; welfare; standards; Christianity; development; sustainable development; change
124,Consortium of Minority Resources (COMIR),,Currently inactive non-conventional bodies,no recent news; international organization membership,resources; minority indigenous groups
125,Control Arms,New York NY,"Organizations emanating from places, persons or other bodies",international organization membership,trade; arms; disarmament
126,Cooperation Committee for Cambodia (CCC),Phnom Penh,Internationally-oriented national organizations,international organization membership,cooperation
127,Coordination SUD,Paris,Internationally-oriented national organizations,international organization membership,nongovernmental; emergencies; coordination; development; humanitarian; solidarity
128,CORE Group,Washington DC,Internationally-oriented national organizations,international organization membership,resources; infants; safety; cooperation
129,Corte Interamericana de Derechos Humanos (Corte IDH),"San Jose, Costa Rica","Organizations having a special form, eg foundation, funds",intergovernmental organization,tribunals; courts; rights
130,Council for Education in the Commonwealth (CEC),London,Internationally-oriented national organizations,,education
131,Council for Global Equality,Washington DC,Internationally-oriented national organizations,,homosexual relationships; rights
132,Council of Europe (CE),Strasbourg,Regionally defined membership organizations,intergovernmental organization,intergovernmental communities; agreements
133,Council of Non-Governmental Organizations for Development Support,"Dakar, Senegal","Organizations emanating from places, persons or other bodies",international organization membership,nongovernmental; living conditions; development; solidarity
134,Counterpart International,Arlington VA,Internationally-oriented national organizations,international organization membership,communities; local; development; sustainable development
135,Crisis Action,London,"Organizations having a special form, eg foundation, funds",international organization membership,emergencies; human rights organizations
136,Cultivating New Frontiers in Agriculture,Washington DC,Internationally-oriented national organizations,,self-employed; rural; citizenship; diplomacy; agriculture; farming
137,DANIDA,Copenhagen,Internationally-oriented national organizations,foundation/fund; intergovernmental organization,development; assistance
138,Danish Refugee Council (DRC),Copenhagen,Internationally-oriented national organizations,international organization membership,refugees
139,Defence for Children International (DCI),Geneva,"Organizations having a special form, eg foundation, funds",,infants
140,Department for International Development (DFID),,Currently inactive non-conventional bodies,dissolved/dormant; intergovernmental organization,development; aid; policy
141,Department of Global Communications of the United Nations,,(Unreported),,
142,Deutsche Gesellschaft für Internationale Zusammenarbeit (GIZ),Bonn,Internationally-oriented national organizations,intergovernmental organization,sustainable development; cooperation
143,Development Education Association (DEA),London,Internationally-oriented national organizations,international organization membership,education; development
144,Development Gateway,Washington DC,"Organizations having a special form, eg foundation, funds",foundation/fund,development
145,Direct Relief,Santa Barbara CA,Internationally-oriented national organizations,,welfare; aid; humanitarian
146,Early Childhood Development Action Network (ECDAN),Washington DC,"Organizations having a special form, eg foundation, funds",international organization membership,infants; family; services; development
147,EarthAction (EA),Amherst MA,"Organizations having a special form, eg foundation, funds",international organization membership,public opinion; human rights organizations
148,Education Development Center,Waltham MA,Internationally-oriented national organizations,,health; education; technology; rights; human rights organizations
149,Educational Concerns for Hunger Organization,North Fort Myers FL,Internationally-oriented national organizations,,undernourishment; concern; education; agriculture; development
150,EDUCO,Barcelona,Internationally-oriented national organizations,,infants; living conditions; education; rights; cooperation
151,Emergency Telecommunications Cluster (ETC),Rome,"Organizations emanating from places, persons or other bodies",international organization membership,telecommunications; emergencies
152,"End Child Prostitution, Child Pornography and Trafficking of Children for Sexual Purposes (ECPAT)",Bangkok,"Organizations having a special form, eg foundation, funds",,infants; sex-related questions; trade; maltreatment; morals; human rights organizations
153,End Corporal Punishment,London,"Organizations emanating from places, persons or other bodies",international organization membership,infants; punishment
154,End Water Poverty (EWP),London,"Organizations having a special form, eg foundation, funds",international organization membership,water; disadvantaged
155,Episcopal Relief and Development,New York NY,Internationally-oriented national organizations,foundation/fund,welfare; bishops; development; humanitarian
156,Equal Rights Trust,London,"Organizations having a special form, eg foundation, funds",,equality; rights; human rights organizations
157,ETO Consortium (ETOs),Heidelberg,Universal membership organizations,international organization membership,nation state; frontiers; rights; responsibility; human rights organizations
158,Euro-Arab Dialogue,The Hague,Currently inactive non-conventional bodies,no recent news,debate
159,Eurochild,Brussels,"Organizations having a special form, eg foundation, funds",international organization membership,infants; youth; welfare; promotion; rights
160,EuroMed Non-Governmental Platform,"Montreuil, France","Organizations having a special form, eg foundation, funds",international organization membership,nongovernmental
161,EuroMed Rights,Copenhagen,"Organizations having a special form, eg foundation, funds",international organization membership,rights; human rights organizations
162,European Commission (EC),Brussels,"Organizations emanating from places, persons or other bodies",intergovernmental organization; primarily individuals as members,finance; law; policy
163,European Council on Refugees and Exiles (ECRE),Brussels,"Organizations having a special form, eg foundation, funds",international organization membership,exiles; refugees
164,European Federation for Street Children (EFSC),,Currently inactive non-conventional bodies,dissolved/dormant; foundation/fund; international organization membership,infants; disadvantaged; deprivation
165,European Forum for International Mediation and Dialogue (mediatEUr),Brussels,Internationally-oriented national organizations,,debate; arbitration
166,"European Network Against Nationalism, Racism, Fascism and in Support of Migrants and Refugees (UNITED)",Amsterdam,"Organizations having a special form, eg foundation, funds",international organization membership,migrants; exiles; refugees; racism; xenophobia; culture; political theories; solidarity; ideologies
167,European Network for Central Africa (EurAc),Brussels,"Organizations having a special form, eg foundation, funds",,humanitarian
168,European Network of National Observatories on Childhood (ChildONEurope),Brussels,"Organizations having a special form, eg foundation, funds",intergovernmental organization,infants; observatories
169,European Network of NGOs in Afghanistan (ENNA),,"Organizations having a special form, eg foundation, funds",international organization membership,nongovernmental
170,European NGO Network on Congo,,Currently inactive non-conventional bodies,dissolved/dormant; international organization membership,nongovernmental
171,European NGO Platform Asylum and Migration (EPAM),Brussels,"Organizations having a special form, eg foundation, funds",international organization membership,migrants; exiles; nongovernmental
172,European Peacebuilding Liaison Office (EPLO),Brussels,"Organizations emanating from places, persons or other bodies",international organization membership,
173,European Policy Centre (EPC),Brussels,"Organizations having a special form, eg foundation, funds",international organization membership,policy; integration
174,European Union (EU),Brussels,"Organizations having a special form, eg foundation, funds",intergovernmental organization,exiles; money; market; frontiers; intergovernmental communities; agreements; economics; culture; linguistics; heritage; equality
175,European Union Agency for Fundamental Rights (FRA),Vienna,Regionally defined membership organizations,intergovernmental organization,agency; rights; human rights organizations
176,EverGreen Agriculture Partnership,Nairobi,"Organizations having a special form, eg foundation, funds",international organization membership,trees; agriculture
177,Extractive Industries Transparency Initiative (EITI),Oslo,"Organizations having a special form, eg foundation, funds",trade association,censorship; industry; manufacturing process
178,Farming First,,Recently reported or proposed bodies,international organization membership,agriculture; farming; development; sustainable development
179,Fédération des Institutions Internationales établies à Genève (FIIG),Geneva,"Organizations emanating from places, persons or other bodies",international organization membership,organization; nongovernmental; exchanges; international relations; international studies
180,Fédération francophone et germanophone des associations de coopération au développement (ACODEV),Brussels,"Organizations emanating from places, persons or other bodies",international organization membership,nongovernmental; development; French; language speaking; cooperation
181,Federation of European and International Associations Established in Belgium (FAIB),Brussels,"Organizations emanating from places, persons or other bodies",international organization membership,organization
182,FilmAid International (FAI),New York NY,Internationally-oriented national organizations,,refugees; vulnerability
183,Finance Watch,Brussels,"Organizations having a special form, eg foundation, funds",international organization membership,finance; inspection; tests
184,Fleet Forum,Geneva,"Organizations having a special form, eg foundation, funds",,communications; roads; safety; development; aid
185,Focusing Resources on Effective School Health (FRESH),Paris,"Organizations emanating from places, persons or other bodies",intergovernmental organization,resources; health; schools
186,Food and Agriculture Organization of the United Nations (FAO),Rome,Universal membership organizations,intergovernmental organization,living conditions; food; undernourishment; nutrition; agriculture; FAO bodies; United Nations
187,Food for the Poor,Coconut Creek FL,Internationally-oriented national organizations,,disadvantaged; food; foodstuffs
188,Ford Foundation,New York NY,"Organizations having a special form, eg foundation, funds",foundation/fund,disadvantaged; justice; idealism
189,Forum for Development and Environment,Oslo,Internationally-oriented national organizations,,environment; development
190,Forus,Paris,"Organizations having a special form, eg foundation, funds",international organization membership,nongovernmental
191,Franciscans International (FI),Geneva,"Organizations having a special form, eg foundation, funds",,climate; minority; indigenous groups; disadvantaged; justice; rights; human rights organizations
192,Free Vietnam Alliance (FVA),,"Organizations having a special form, eg foundation, funds",,freedom
193,"Friends of the Global Fight Against AIDS, Tuberculosis and Malaria",Washington DC,Internationally-oriented national organizations,,lungs; throat; sexually transmitted diseases; specific diseases; friendship
194,Geneva Call,Geneva,Internationally-oriented national organizations,,war; citizenship
195,Geneva Global Hub for Education in Emergencies,Geneva,"Organizations emanating from places, persons or other bodies",international organization membership,refugees; education
196,GHR Foundation,Minneapolis MN,Internationally-oriented national organizations,foundation/fund,welfare
197,Girls not Brides,London,"Organizations having a special form, eg foundation, funds",international organization membership,infants; adolescents; marriage
198,Giving Children Hope,Buena Park CA,Internationally-oriented national organizations,,infants; family; cooperative; authenticity
199,Global Action Against Mass Atrocity Crimes (GAAMAC),Geneva,Intercontinental membership organizations,,prevention; maltreatment; diplomacy; peacekeeping
200,Global Call for Action Against Poverty (GCAP),Johannesburg,"Organizations having a special form, eg foundation, funds",,disadvantaged
201,Global Call for Climate Action (GCCA),,Currently inactive non-conventional bodies,dissolved/dormant; international organization membership,climate
202,Global Camp Coordination and Camp Management Cluster (CCCM Cluster),,"Organizations emanating from places, persons or other bodies",,refugees; housing; tenants; government; management; coordination; humanitarian
203,Global Campaign for Education (GCE),Johannesburg,"Organizations having a special form, eg foundation, funds",international organization membership,education; planetary initiatives
204,Global Campaign for Equal Nationality Rights,New York NY,"Organizations having a special form, eg foundation, funds",international organization membership,citizenship; planetary initiatives; equality; rights
205,Global Campaign for Ratification of the Convention on the Rights of Migrant Workers,Geneva,"Organizations emanating from places, persons or other bodies",international organization membership,migrants; workers; agreements; planetary initiatives; rights; human rights organizations
206,Global Campus of Human Rights,Venice,"Organizations emanating from places, persons or other bodies",,universities; democracy; rights; human rights organizations
207,Global Centre for the Responsibility to Protect (GCR2P),New York NY,"Organizations emanating from places, persons or other bodies",,protection; responsibility
208,Global Child Nutrition Foundation (GCNF),Seattle WA,"Organizations having a special form, eg foundation, funds",foundation/fund,nutrition; primary schooling; secondary and higher education; preschooling; agriculture
209,Global Coalition Against Child Pneumonia,Baltimore MD,"Organizations having a special form, eg foundation, funds",international organization membership,lungs; throat; infants
210,Global Coalition to End Child Poverty,,"Organizations having a special form, eg foundation, funds",international organization membership,infants; disadvantaged
211,Global Coalition to Protect Education from Attack,New York NY,"Organizations emanating from places, persons or other bodies",international organization membership,protection; education; conflict
212,Global Communities,Silver Spring MD,Internationally-oriented national organizations,foundation/fund,communities; housing; tenants; cooperative
213,Global Connections,"Leamington Spa, UK",Internationally-oriented national organizations,international organization membership,missions; evangelism
214,Global Education Cluster,,"Organizations having a special form, eg foundation, funds",international organization membership,education
215,Global Framework for Climate Services (GFCS),Geneva,"Organizations emanating from places, persons or other bodies",intergovernmental organization,climate; services
216,Global Fund for Children,Washington DC,Internationally-oriented national organizations,foundation/fund,infants; funds
217,"Global Fund to Fight AIDS, Tuberculosis and Malaria (Global Fund)","Le Grand-Saconnex, Switzerland","Organizations having a special form, eg foundation, funds",foundation/fund; intergovernmental organization,physiology; lungs; throat; sexually transmitted diseases; specific diseases; funds; conflict
218,Global Gender and Climate Alliance (GGCA),Washington DC,Currently inactive non-conventional bodies,no recent news; international organization membership,climate; sex-related questions
219,Global Health Cluster (GHC),Geneva,"Organizations emanating from places, persons or other bodies",international organization membership,health; policy; humanitarian
220,Global Health Council (GHC),Alexandria VA,Intercontinental membership organizations,international organization membership,health
221,Global Impact,Alexandria VA,Internationally-oriented national organizations,international organization membership,services; agencies; dealers; vulnerability; humanitarian
222,Global Information and Early Warning System on Food and Agriculture (GIEWS),Rome,"Organizations having a special form, eg foundation, funds",intergovernmental organization; no recent news,information; food; prevention; agriculture; FAO bodies; systems
223,Global Interagency Security Forum (GISF),Manchester,"Organizations having a special form, eg foundation, funds",international organization membership,security
224,Global Internet Liberty Campaign (GILC),,Currently inactive non-conventional bodies,dissolved/dormant; international organization membership,internet; freedom
225,Global Land Tool Network (GLTN),Nairobi,"Organizations emanating from places, persons or other bodies",international organization membership,land type/use; disadvantaged
226,Global Links,Pittsburgh PA,Internationally-oriented national organizations,,care
227,Global Movement for Children (GMFC),,Currently inactive non-conventional bodies,dissolved/dormant,infants; planetary initiatives
228,Global Network Initiative (GNI),Washington DC,Internationally-oriented national organizations,international organization membership,society
229,Global Partnership for Social Accountability (GPSA),,"Organizations emanating from places, persons or other bodies",intergovernmental organization,social; responsibility
230,Global Partnership for Sustainable Development Data (Data4SDGS),,"Organizations having a special form, eg foundation, funds",international organization membership,data; codes; sustainable development
231,Global Partnership for the Prevention of Armed Conflict (GPPAC),The Hague,"Organizations having a special form, eg foundation, funds",international organization membership,prevention; war
232,Global Partnership on Children with Disabilities (GPcwd),New York NY,"Organizations emanating from places, persons or other bodies",international organization membership,infants; disabled
233,Global Partnership to End Violence Against Children (End Violence Against Children),New York NY,"Organizations having a special form, eg foundation, funds",international organization membership,infants; maltreatment
234,Global Potential,New York NY,Internationally-oriented national organizations,,potential
235,Global Protection Cluster (GPC),Geneva,"Organizations emanating from places, persons or other bodies",,protection
236,Global Rehabilitation Alliance,"Hannover, Germany",Intercontinental membership organizations,international organization membership,health; rehabilitation
237,Global Research and Advocacy Group (GRAG),"Dakar, Senegal",Regionally defined membership organizations,,sex-related questions; societal problems; research; health
238,Global Resource Services,Tucson AZ,Internationally-oriented national organizations,,resources; services
239,Global Shelter Cluster (GSC),Geneva,"Organizations emanating from places, persons or other bodies",international organization membership,housing; tenants; assistance
240,Global WASH Cluster (GWC),Geneva,"Organizations emanating from places, persons or other bodies",international organization membership,water; cleaning; hygiene; United Nations
241,Good360,Alexandria VA,Internationally-oriented national organizations,,welfare
242,Green Climate Fund (GCF),Incheon,"Organizations having a special form, eg foundation, funds",foundation/fund; intergovernmental organization,climate; funds; environment
243,Groupe International Francophone pour la Formation aux Classifications du Handicap (GIFFOCH),Rennes,"Organizations having a special form, eg foundation, funds",,disabled; training; classification; language speaking
244,Gulf Centre for Strategic Studies (GCSS),London,"Organizations emanating from places, persons or other bodies",suspect,strategy
245,Habitat for Humanity International,Atlanta GA,Internationally-oriented national organizations,,mankind; communities; settlements; construction
246,Heart to Heart International,Lenexa KS,Internationally-oriented national organizations,,voluntary; welfare; emotional fulfilment; humanitarian
247,Helen Keller International (HKI),New York NY,"Organizations emanating from places, persons or other bodies",,undernourishment; blind; visually impaired
248,Hope for African Children Initiative,Nairobi,Currently inactive non-conventional bodies,no recent news,sexually transmitted diseases; infants; authenticity
249,Human Rights and Democracy Network (HRDN),,"Organizations having a special form, eg foundation, funds",international organization membership,democracy; rights
250,Human Rights Centre,Colchester UK,Internationally-oriented national organizations,,law; rights
251,Human Rights Committee (CCPR),Geneva,"Organizations emanating from places, persons or other bodies",intergovernmental organization,United Nations; rights
252,Human Rights Watch (HRW),New York NY,"Organizations having a special form, eg foundation, funds",,inspection; tests; rights; human rights organizations
253,Humanitarian Coalition on Small Arms (HCSA),Geneva,Internationally-oriented national organizations,,arms; humanitarian
254,Humanity and Inclusion (Handicap International),Brussels,"Organizations having a special form, eg foundation, funds",,emergencies; vulnerability; humanity; humanitarian; integration
255,ICASO,Toronto ON,Intercontinental membership organizations,,physiology; sexually transmitted diseases; epidemics
256,"ICDDR,B",Dhaka,"Organizations emanating from places, persons or other bodies",intergovernmental organization,pathology; intestinal tract; research
257,IFEX,Toronto ON,"Organizations having a special form, eg foundation, funds",international organization membership,communication; exchanges; freedom
258,"ILGA World (International Lesbian, Gay, Bisexual, Trans and Intersex Association)",Geneva,Intercontinental membership organizations,international organization membership,homosexual relationships; rights
259,ILO Global Business and Disability Network (GBDN),Geneva,"Organizations emanating from places, persons or other bodies",,employment; disabled
260,IMPACT,Ottawa ON,"Organizations having a special form, eg foundation, funds",international organization membership,solidarity
261,Initiative for Responsible Mining Assurance (IRMA),Port Townsend WA,"Organizations having a special form, eg foundation, funds",international organization membership,assurance; reinsurance; mining; responsibility
262,InsideNGO,,Currently inactive non-conventional bodies,dissolved/dormant; international organization membership,nongovernmental; finance; management
263,Institut International d'Ingénierie de l'Eau et de l'Environnement (2iE),Ouagadougou,"Organizations having a special form, eg foundation, funds",intergovernmental organization; research institute,water; energy; engineering; environment
264,Institute of International Education,New York NY,Internationally-oriented national organizations,research institute,education; students; graduates; comprehension
265,Institute of Nutrition of Central America and Panama (INCAP),Guatemala,"Organizations emanating from places, persons or other bodies",intergovernmental organization; research institute,food security; nutrition
266,Inter-African Committee on Traditional Practices Affecting the Health of Women and Children (IAC),Addis Ababa,"Organizations emanating from places, persons or other bodies",,death; urogenital system; women; infants; sex-related questions; living conditions; maltreatment; health; folk traditions; demography
267,Inter-African Union of Human Rights (IUHR),,Inactive or dissolved international organizations,dissolved/dormant; international organization membership,rights
268,Inter-agency Network for Education in Emergencies (INEE),New York NY,"Organizations having a special form, eg foundation, funds",international organization membership,agency; emergencies; education
269,Inter-Agency Standing Committee (IASC),Geneva,"Organizations emanating from places, persons or other bodies",intergovernmental organization; international organization membership,agency; United Nations
270,Inter-American Commission on Human Rights (IACHR),Washington DC,"Organizations emanating from places, persons or other bodies",intergovernmental organization,rights; human rights organizations
271,Internal Displacement Monitoring Centre (IDMC),Geneva,"Organizations emanating from places, persons or other bodies",,refugees; inspection; tests
272,International Action Network on Small Arms (IANSA),,"Organizations having a special form, eg foundation, funds",international organization membership,arms; security
273,International Association of Peacekeeping Training Centres (IAPTC),Delhi,"Organizations having a special form, eg foundation, funds",international organization membership,training; peacekeeping
274,International Baby Food Action Network (IBFAN),Geneva,"Organizations having a special form, eg foundation, funds",international organization membership,infants; food; market; nutrition
275,International Bank for Reconstruction and Development (IBRD),Washington DC,"Organizations having a special form, eg foundation, funds",intergovernmental organization,banking; reconstruction; United Nations; development
276,International Campaign to Abolish Nuclear Weapons (ICAN),Geneva,"Organizations having a special form, eg foundation, funds",international organization membership,abolition; arms; disarmament
277,International Campaign to Ban Landmines (ICBL),,(Unreported),,
278,International Campaign to Ban Landmines - Cluster Munition Coalition (ICBL-CMC),Geneva,"Organizations having a special form, eg foundation, funds",international organization membership,restrictions; arms
279,"International Centre for Trade and Sustainable Development, Geneva (ICTSD)",Geneva,"Organizations emanating from places, persons or other bodies",trade association; international organization membership,trade; sustainable development
280,International Child Development Programme (ICDP),Watford UK,"Organizations having a special form, eg foundation, funds",,infants; disadvantaged; deprivation; development
281,International Childhood and Youth Research Network (ICYRnet),Belfast,Regionally defined membership organizations,international organization membership,infants; youth; research
282,International Civil Society Centre,Berlin,"Organizations emanating from places, persons or other bodies",international organization membership,society
283,International Coalition against Enforced Disappearances (ICAED),Geneva,"Organizations emanating from places, persons or other bodies",international organization membership,maltreatment; law enforcement
284,International Coalition for the Optional Protocol to the Convention on the Rights of the Child on a Communications Procedure (Ratify OP3CRC),,"Organizations emanating from places, persons or other bodies",international organization membership,infants; communication; agreements; cybernetics; rights
285,International Coalition for the Responsibility to Protect (ICRtoP),New York NY,"Organizations emanating from places, persons or other bodies",international organization membership,protection; responsibility
286,International Coalition for Trachoma Control (ICTC),Atlanta GA,Intercontinental membership organizations,international organization membership,eyesight; blind; visually impaired; control
287,International Coalition to End Torture (ICET),Geneva,"Organizations emanating from places, persons or other bodies",,maltreatment
288,International Coalition to Stop Crimes Against Humanity in North Korea (ICNK),New York NY,"Organizations emanating from places, persons or other bodies",international organization membership,crime; humanity
289,International Cocoa Initiative (ICI),Geneva,"Organizations having a special form, eg foundation, funds",international organization membership,infants; protection; rights
290,International Code of Conduct Association (ICoCA),Geneva,"Organizations emanating from places, persons or other bodies",international organization membership,data; codes; private; security; morals
291,International Committee for Robot Arms Control (ICRAC),Sheffield,"Organizations emanating from places, persons or other bodies",,electronics; disarmament
292,International Committee of the Red Cross (ICRC),Geneva,"Organizations having a special form, eg foundation, funds",primarily individuals as members,emergencies; disabled; peace; humanitarian
293,International Corporate Accountability Roundtable (ICAR),Washington DC,"Organizations having a special form, eg foundation, funds",international organization membership,business enterprises; responsibility
294,International Council of Voluntary Agencies (ICVA),Geneva,Federations of international organizations,international organization membership,migrants; refugees; agency; voluntary; humanitarian
295,International Crisis Group (Crisis Group),Brussels,"Organizations emanating from places, persons or other bodies",,emergencies
296,International Crops Research Institute for the Semi-Arid Tropics (ICRISAT),Hyderabad,"Organizations emanating from places, persons or other bodies",intergovernmental organization; research institute,arid zones; tropical zones; research; FAO bodies; crops
297,International Dalit Solidarity Network (IDSN),Copenhagen,"Organizations emanating from places, persons or other bodies",international organization membership,class; caste; elites; discrimination; solidarity
298,International Development Enterprises (IDE),Denver CO,"Organizations having a special form, eg foundation, funds",,business enterprises; development
299,International Disability and Development Consortium (IDDC),Brussels,"Organizations having a special form, eg foundation, funds",international organization membership,disabled; development
300,International Drug Policy Consortium (IDPC),London,"Organizations having a special form, eg foundation, funds",international organization membership,
301,International Federation for Human Rights,Paris,Universal membership organizations,international organization membership,victims; rights; human rights organizations
302,International Federation of Medical Students' Associations (IFMSA),Copenhagen,Universal membership organizations,,medicine; students; humanitarian
303,International Federation of Red Cross and Red Crescent Societies,Geneva,Universal membership organizations,,emergencies; vulnerability; health; humanitarian
304,International Foster Care Organization (IFCO),London,Universal membership organizations,,maternity; paternity; care
305,International Fund for Agricultural Development (IFAD),Rome,"Organizations having a special form, eg foundation, funds",foundation/fund; intergovernmental organization,funds; agriculture; United Nations; development
306,"International Institute for Human Rights, Environment and Development (INHURED International)",Kathmandu,"Organizations emanating from places, persons or other bodies",research institute,racial; ethnic groups; environment; democracy; development; rights; discrimination; humanitarian
307,International Labour Organization (ILO),Geneva,Universal membership organizations,intergovernmental organization,ILO bodies; work; United Nations; human rights organizations
308,International Livestock Research Institute (ILRI),Nairobi,"Organizations emanating from places, persons or other bodies",intergovernmental organization; research institute,tropical zones; resources; genetics; research; veterinary; nutrition; breeding; animal husbandry; animal feedstuffs; diversity
309,International Medical Corps (IMC),Los Angeles CA,Internationally-oriented national organizations,,medicine; emergencies; cooperative; emotional fulfilment; humanitarian
310,International Medical Health Organization,Columbus OH,Internationally-oriented national organizations,,medicine; health
311,International Monetary Fund (IMF),Washington DC,"Organizations having a special form, eg foundation, funds",foundation/fund; intergovernmental organization,funds; money; United Nations
312,International Monitor Institute (IMI),,Currently inactive non-conventional bodies,dissolved/dormant; research institute,inspection; tests
313,International Network on Explosive Weapons (INEW),London,"Organizations having a special form, eg foundation, funds",international organization membership,chemical products; arms
314,International NGO Forum on Indonesian Development (INFID),Jakarta,"Organizations emanating from places, persons or other bodies",,disadvantaged; nongovernmental; investment; credit; trade; development
315,International NGO Platform on the Migrant Workers' Convention (IPMWC),Geneva,"Organizations having a special form, eg foundation, funds",international organization membership,migrants; workers; nongovernmental; agreements
316,International Organization for Migration (IOM),Geneva,Universal membership organizations,intergovernmental organization,migrants; refugees; humanitarian; cooperation
317,International Orthodox Christian Charities,Baltimore MD,Internationally-oriented national organizations,,welfare; Orthodox; Christianity; humanitarian
318,International Partnership on Religion and Sustainable Development (PaRD),Bonn,"Organizations having a special form, eg foundation, funds",international organization membership,religion; sustainable development
319,International Peace Bureau,Berlin,Universal membership organizations,international organization membership,disarmament; peace
320,International Physicians for the Prevention of Nuclear War,Malden MA,"Organizations having a special form, eg foundation, funds",international organization membership,prevention; physicians; war
321,International Rehabilitation Council for Torture Victims (IRCT),Copenhagen,Intercontinental membership organizations,international organization membership,maltreaetment; victims; rehabilitation
322,International Relief Teams,San Diego CA,Internationally-oriented national organizations,,welfare; humanitarian
323,International Rescue Committee (IRC),New York NY,"Organizations having a special form, eg foundation, funds",,refugees; welfare; safety; humanitarian
324,International Research Foundation for Development (IRFD),,"Organizations having a special form, eg foundation, funds",foundation/fund,research; development
325,International Rice Research Institute (IRRI),Makati,"Organizations emanating from places, persons or other bodies",intergovernmental organization; research institute; international organization membership,cereals; research; farming; environment
326,International Society for Prosthetics and Orthotics (ISPO),Brussels,Universal membership organizations,,locomotive; integumentary system; rehabilitation
327,International Trachoma Initiative (ITI),Decatur GA,"Organizations emanating from places, persons or other bodies",,eyesight
328,International Treatment Preparedness Coalition (ITPC),"Bryanston, South Africa","Organizations having a special form, eg foundation, funds",international organization membership,physiology; sexually transmitted diseases; hazards; treatment
329,International Violence Against Women in War Network (VAWW-Net International),Quezon City,Currently inactive non-conventional bodies,no recent news,women; maltreatment; war
330,International Working Group on Satellite-Based Emergency Mapping (IWG-SEM),,"Organizations having a special form, eg foundation, funds",international organization membership,satellites; emergencies; cartography
331,International Youth Foundation,Baltimore MD,Internationally-oriented national organizations,foundation/fund,infants; youth
332,Internet Freedom Network,Washington DC,Currently inactive non-conventional bodies,proposed organization; no recent news,internet; freedom
333,IntraHealth International,Chapel Hill NC,Internationally-oriented national organizations,,care
334,Johns Hopkins Program for International Education in Gynecology and Obstetrics,Baltimore MD,Internationally-oriented national organizations,,reproductive system; obstetrics; education
335,Joint Learning Initiative on Faith and Local Communities (JLI),Washington DC,"Organizations having a special form, eg foundation, funds",international organization membership,communities; local; education; faith
336,Joint United Nations Programme on HIV/AIDS (UNAIDS),Geneva,"Organizations emanating from places, persons or other bodies",intergovernmental organization,physiology; sexually transmitted diseases; WHO bodies; care; United Nations
337,Keeping Children Safe,"Skipton, UK",Internationally-oriented national organizations,international organization membership,infants; safety
338,Keystone Human Services International,Harrisburg PA,Internationally-oriented national organizations,,social services; rights; human rights organizations
339,La Strada International (LSI),Amsterdam,Regionally defined membership organizations,,women; trade; maltreatment
340,Landesa - Rural Development Institute,Seattle WA,Internationally-oriented national organizations,research institute,land type/use; disadvantaged; rural; development; rights
341,Landmine Survivors Network,Washington DC,Internationally-oriented national organizations,,safety; arms
342,Latin American Association for Human Rights,Montevideo,Regionally defined membership organizations,,rights
343,Latin American Circle for International Studies,Mexico City,Internationally-oriented national organizations,,international studies
344,Life for Relief and Development,Southfield MI,Internationally-oriented national organizations,,life; welfare; development; humanitarian
345,Livestock Environmental Assessment and Performance Partnership (LEAP),Rome,"Organizations emanating from places, persons or other bodies",,assessment; animal husbandry; environment
346,Lutheran World Relief,Baltimore MD,Internationally-oriented national organizations,,human; social; disadvantaged; welfare; emergencies; maltreatment; conflict; war; Lutheran; emotional fulfilment; humanitarian
347,MacArthur Foundation,Chicago IL,Internationally-oriented national organizations,foundation/fund,media; creative expression
348,Making Cents International,Washington DC,Internationally-oriented national organizations,,currency; business enterprises
349,Management Sciences for Health,Medford MA,Internationally-oriented national organizations,,health; management; science
350,MAP International,Brunswick GA,"Organizations having a special form, eg foundation, funds",,medicine; disadvantaged; health; Christianity; assistance
351,Mastercard Foundation,Toronto ON,Internationally-oriented national organizations,foundation/fund,credit; value redistribution
352,McKnight Foundation,Minneapolis MN,Internationally-oriented national organizations,foundation/fund,living conditions
353,MedGlobal,Chicago IL,Internationally-oriented national organizations,,vulnerability; care
354,Media for Development International (MFDI),Paonia CO,Internationally-oriented national organizations,,media; education; development
355,Medical Care Development International,Silver Spring MD,Internationally-oriented national organizations,,care; development
356,Medical Teams International,Portland OR,Internationally-oriented national organizations,,medicine; emergencies; Christianity; aid; humanitarian
357,MedShare,Decatur GA,Internationally-oriented national organizations,,medical supplies; care
358,Mercy Corps International (MCI),Portland OR,Internationally-oriented national organizations,,health; agriculture; love
359,Mercy-USA for Aid and Development,Plymouth MI,Internationally-oriented national organizations,,human; health; education; economic; development; aid; cooperative; emotional fulfilment; humanitarian; love
360,Mertz Gilmore Foundation,New York NY,Internationally-oriented national organizations,foundation/fund,finance
361,Millennium Promise Alliance,New York NY,"Organizations emanating from places, persons or other bodies",,development
362,Minority Rights Group International (MRG),London,"Organizations having a special form, eg foundation, funds",international organization membership,minority; indigenous groups; rights
363,Movement of Spiritual Inner Awareness (MSIA),Los Angeles CA,Internationally-oriented national organizations,,consciousness; spirituality
364,Movimiento Mundial por la Infancia de Latinoamérica y El Caribe (MMI-LAC),,"Organizations having a special form, eg foundation, funds",international organization membership,infants; adolescents; rights
365,National Council for Voluntary Organizations (NCVO),London,Internationally-oriented national organizations,international organization membership,voluntary
366,Near East Foundation (NEF),Syracuse NY,Internationally-oriented national organizations,foundation/fund,education; agriculture
367,Neglected Tropical Disease NGO Network (NNN),,"Organizations having a special form, eg foundation, funds",international organization membership,tropical zones; pathology
368,NetHope,Fairfax VA,"Organizations having a special form, eg foundation, funds",international organization membership,internet; humanitarian
369,Network for Religious and Traditional Peacemakers,Helsinki,"Organizations having a special form, eg foundation, funds",international organization membership,folk traditions; religion; peacekeeping
370,Network of Aquaculture Centres in Asia-Pacific (NACA),Bangkok,"Organizations having a special form, eg foundation, funds",intergovernmental organization,rural; food; fisheries
371,"NGO Committee on Sustainable Development, Vienna",,"Organizations emanating from places, persons or other bodies",,nongovernmental; sustainable development
372,NGO Committee on UNICEF,New York NY,"Organizations emanating from places, persons or other bodies",international organization membership,infants; nongovernmental
373,NGO Forum on Cambodia,Phnom Penh,"Organizations emanating from places, persons or other bodies",international organization membership,nongovernmental
374,"NGO Working Group for Women, Peace and Security (NGOWG)",New York NY,"Organizations emanating from places, persons or other bodies",international organization membership,women; nongovernmental; security; peace
375,NGO Working Group on the Security Council,New York NY,"Organizations emanating from places, persons or other bodies",international organization membership,nongovernmental; security
376,No Peace Without Justice (NPWJ),Rome,"Organizations having a special form, eg foundation, funds",primarily individuals as members,peace; justice; human rights organizations
377,Nonviolence International,Washington DC,"Organizations having a special form, eg foundation, funds",,peacekeeping
378,Nonviolent Peaceforce,Geneva,"Organizations having a special form, eg foundation, funds",international organization membership,protection; vulnerability; conflict; peacekeeping
379,Norwegian Agency for Development Cooperation (Norad),Oslo,Internationally-oriented national organizations,foundation/fund; intergovernmental organization,agency; development; cooperation
380,Norwegian People's Aid (NPA),Oslo,Internationally-oriented national organizations,,people; aid; humanitarian
381,Norwegian Refugee Council,Oslo,Internationally-oriented national organizations,,refugees; humanitarian
382,ONE,London,"Organizations having a special form, eg foundation, funds",,disadvantaged; history
383,Operation Blessing International,Virginia Beach VA,Internationally-oriented national organizations,,human; religion; emotional fulfilment
384,Operation USA,Los Angeles CA,Internationally-oriented national organizations,,disadvantaged; emergencies
385,Opportunity International,Chicago IL,"Organizations having a special form, eg foundation, funds",research institute,disadvantaged; credit; conditions of trade; Christianity; development; resourcefulness
386,OSCE - Office for Democratic Institutions and Human Rights (OSCE/ODIHR),Warsaw,"Organizations emanating from places, persons or other bodies",intergovernmental organization,society; politics; security; rights; cooperation; idealism
387,Oxfam GB,Oxford,Internationally-oriented national organizations,,disadvantaged; emergencies; emotional fulfilment
388,Oxfam International,Nairobi,"Organizations having a special form, eg foundation, funds",international organization membership,disadvantaged; welfare; undernourishment; humanitarian
389,Oxfam Trading,Ghent,Internationally-oriented national organizations,,trade; merchants; handicrafts
390,PAHO/WHO Health Emergencies Department (PHE),Washington DC,"Organizations emanating from places, persons or other bodies",intergovernmental organization,emergencies; health; WHO bodies
391,PAI,Washington DC,"Organizations having a special form, eg foundation, funds",,birth control; population
392,Pan American Development Foundation,Washington DC,"Organizations having a special form, eg foundation, funds",foundation/fund,development
393,Parliamentarians for Global Action,New York NY,"Organizations having a special form, eg foundation, funds",,parliament
394,PATH,Seattle WA,"Organizations having a special form, eg foundation, funds",,health; technology; appropriateness
395,Pathfinder International,Watertown MA,"Organizations having a special form, eg foundation, funds",foundation/fund,health
396,PAX,Utrecht,Internationally-oriented national organizations,,Christianity; peace
397,Pax Christi - International Catholic Peace Movement,Brussels,"Organizations having a special form, eg foundation, funds",,Christianity; Catholicism; peace; human rights organizations
398,PCI Global,San Diego CA,Internationally-oriented national organizations,,pathology; infants; family; vulnerability; health; concern; development
399,PCI Media,New York NY,Internationally-oriented national organizations,,communication; media; population
400,Peace Tribunal Foundation,Amsterdam,Internationally-oriented national organizations,foundation/fund,tribunals; courts; peace
401,Perkins International,Watertown MA,Internationally-oriented national organizations,,blind; visually impaired
402,Permanent Forum of European Civil Society,,"Organizations having a special form, eg foundation, funds",international organization membership,society
403,Permanent Peace Movement,Beirut,Internationally-oriented national organizations,,peace
404,Phelps Stokes,Washington DC,Internationally-oriented national organizations,foundation/fund,funds
405,"Physicians for Human Rights, USA",New York NY,Internationally-oriented national organizations,,medicine; protection; detention; maltreatment; victims; physicians; law; morals; rights; humanitarian; human rights organizations
406,Physicians for Peace,Norfolk VA,Internationally-oriented national organizations,,medicine; physicians; care; education; peace
407,Plan International,Woking UK,"Organizations having a special form, eg foundation, funds",,maternity; paternity; planning
408,Planet Aid,Elkridge MD,Internationally-oriented national organizations,suspect,planetary initiatives; aid; humanitarian
409,Plant With Purpose,San Diego CA,Internationally-oriented national organizations,,plants; disadvantaged; protection; economic; environment; development; purpose
410,PMNCH,Geneva,"Organizations emanating from places, persons or other bodies",international organization membership,infants; adolescents; maternity; paternity; health
411,Presbyterian Hunger Program,Louisville KY,Internationally-oriented national organizations,,undernourishment; Protestant
412,ProAct,"Nyon, Switzerland","Organizations having a special form, eg foundation, funds",,climate; emergencies
413,Project Ploughshares,"Waterloo, ON",Internationally-oriented national organizations,,maltreatment; arms; war; disarmament
414,ProLiteracy Worldwide,Syracuse NY,Internationally-oriented national organizations,,adults; educational content
415,Protect Education in Insecurity and Conflict (PEIC),,(Unreported),,
416,Publish What You Pay Coalition (PWYP),London,"Organizations having a special form, eg foundation, funds",,gaseous state; petroleum; employment conditions; publishing; mining; responsibility
417,Rädda Barnen - Save the Children Sweden,Stockholm,Internationally-oriented national organizations,,infants; refugees; protection; hazards; rights; humanitarian; human rights organization
418,Recherches pour l'éducation affective des jeunes en Afrique (REDAJA),"Conakry, Guinea",Currently inactive non-conventional bodies,primarily individuals as members; no recent news,youth; family; marriage; sex-related questions; research; birth control; education; culture; emotional fulfilment; community
419,Red Barnet,Copenhagen,Internationally-oriented national organizations,,infants; protection; humanitarian
420,"Red Latinoamericana y Caribeña por la Defensa de los Derechos de los Niños, Niñas y Adolescentes (REDLAMYC)",Mexico City,"Organizations having a special form, eg foundation, funds",,infants; adolescents; rights
421,Red Regional de Organizaciones Civiles para las Migraciones (RROCM),"San Jose, Costa Rica","Organizations having a special form, eg foundation, funds",international organization membership,migrants; civil
422,REDRESS,London,Internationally-oriented national organizations,,maltreatment; rights; human rights organizations
423,Reebok Human Rights Foundation,Canton MA,Internationally-oriented national organizations,foundation/fund,rights
424,Refugee Empowerment International (REI),Tokyo,Internationally-oriented national organizations,,refugees
425,"Refugee Studies Centre, Oxford (RSC)",Oxford,Internationally-oriented national organizations,,migrants; refugees; study
426,Refugees International (RI),Washington DC,Internationally-oriented national organizations,,refugees; humanitarian
427,"Regional Centre on Small Arms and Light Weapons in the Great Lakes Region, the Horn of Africa and Bordering States (RECSA)",Nairobi,"Organizations emanating from places, persons or other bodies",intergovernmental organization,arms
428,Regional Inter-Agency Task Team on Children and AIDS in Eastern and Southern Africa (RIATT-ESA),"Randburg, South Africa","Organizations emanating from places, persons or other bodies",international organization membership,physiology; sexually transmitted diseases; infants; agency
429,Relief International,Los Angeles CA,Internationally-oriented national organizations,,welfare; emergencies; conflict; development; assistance; humanitarian
430,ReliefNet,,Currently inactive non-conventional bodies,no recent news,welfare; internet; humanitarian
431,Religions for Peace,New York NY,"Organizations having a special form, eg foundation, funds",,religion; peace; human rights organizations
432,Religious in Europe Networking Against Trafficking and Exploitation (RENATE),"s-Hertogenbosch, Netherlands","Organizations having a special form, eg foundation, funds",international organization membership,trade; maltreatment; religion
433,Reporters sans frontières (RSF),Paris,"Organizations having a special form, eg foundation, funds",,press; journalism; freedom
434,Resource Alliance,London,"Organizations having a special form, eg foundation, funds",,resources; voluntary; finance
435,RESULTS,Washington DC,Internationally-oriented national organizations,,disadvantaged; education
436,ReSurge International,Mountain View CA,Internationally-oriented national organizations,,surgery; care; development
437,Rotary International (RI),Evanston IL,"Organizations having a special form, eg foundation, funds",,friendship groups; humanitarian; leadership
438,Saferworld,London,Internationally-oriented national organizations,,safety; conflict; peacekeeping
439,Salvation Army World Service Office,Alexandria VA,Subsidiary and internal bodies,,disadvantaged; services; Protestant
440,Saskatchewan Council for International Cooperation (SCIC),Regina SK,Internationally-oriented national organizations,international organization membership,finance; funds; education; government; public; development; cooperation
441,Save the Children Federation,Fairfield CT,Internationally-oriented national organizations,,infants; protection; humanitarian
442,Save the Children International,London,"Organizations having a special form, eg foundation, funds",international organization membership,infants; protection; rights; humanitarian; human rights organizations
443,Save the Children Norway,Oslo,Internationally-oriented national organizations,,infants; protection; human rights organizations
444,Save the Children UK,London,Internationally-oriented national organizations,foundation/fund,infants; protection; rights; humanitarian
445,Scaling Up Nutrition Movement (SUN Movement),Geneva,"Organizations having a special form, eg foundation, funds",international organization membership,nutrition
446,Scholars at Risk,New York NY,Internationally-oriented national organizations,international organization membership,hazards; research; universities; graduates
447,SDG Watch Europe,,"Organizations having a special form, eg foundation, funds",international organization membership,inspection; tests; sustainable development
448,Search for Common Ground (SFCG),Washington DC,Internationally-oriented national organizations,,conflict; peacekeeping; cooperative
449,Secretariat of the United Nations Convention to Combat Desertification (Secretariat of the UNCCD),Bonn,"Organizations emanating from places, persons or other bodies",intergovernmental organization,arid zones; agreements; United Nations
450,Servicio Tercer Mundo,Barcelona,Internationally-oriented national organizations,,services
451,Seva Foundation,Berkeley CA,Internationally-oriented national organizations,foundation/fund,eyesight; local; blind; visually-impaired; care; sustainable development
452,Side by Side,,"Organizations having a special form, eg foundation, funds",international organization membership,sex-related questions; faith; justice
453,SIL International,Dallas TX,Intercontinental membership organizations,,interpretation; translation; further education; educational content; linguistics
454,Siracusa International Institute for Criminal Justice and Human Rights (SII),"Siracusa, Italy","Organizations having a special form, eg foundation, funds",research institute,crime; study; science; justice; rights; human rights organizations
455,Society for International Development,Rome,Universal membership organizations,international organization membership,energy; food security; credit; health; international studies; development; community
456,Solar Cookers International,Sacramento CA,"Organizations having a special form, eg foundation, funds",,energy; research; education; technology; environment; sustainable development
457,Solidarity Center,Washington DC,Internationally-oriented national organizations,,work; workers; solidarity
458,SOS-Kinderdorf International,"Innsbruck, Austria",Universal membership organizations,,infants; villages; emergencies
459,South Asia Human Rights Documentation Centre (SAHRDC),Delhi,"Organizations emanating from places, persons or other bodies",primarily individuals as members,documentation; rights
460,Southern African Centre for the Constructive Resolution of Disputes,"Lusaka, Zambia",Internationally-oriented national organizations,,arbitration
461,SPOON Foundation,Portland OR,Internationally-oriented national organizations,foundation/fund,infants; nutrition
462,Start Network,London,"Organizations having a special form, eg foundation, funds",international organization membership,agencies; dealers; emergencies; aid; humanitarian
463,Steering Committee for Humanitarian Response (SCHR),Geneva,"Organizations emanating from places, persons or other bodies",international organization membership,humanitarian
464,Studentenes og Akademikernes Internasjonale Hjelpefond,Oslo,Internationally-oriented national organizations,foundation/fund,funds; students; graduates; assistance
465,Sustainable Sanitation Alliance (SuSanA),Bonn,"Organizations having a special form, eg foundation, funds",international organization membership,water; hygiene
466,Swiss Agency for Development and Cooperation (SDC),Bern,Internationally-oriented national organizations,intergovernmental organization,agency; development; cooperation
467,Terre des Hommes International Federation (TDHIF),Geneva,"Organizations having a special form, eg foundation, funds",,infants; living conditions; development; rights
468,The Butterfly Effect (BE),Montreal QC,"Organizations having a special form, eg foundation, funds",international organization membership,water; local; hygiene; sustainable development
469,The Eastern African Sub-Regional Support Initiative for the Advancement of Women,Kampala,"Organizations having a special form, eg foundation, funds",,women; local; solidarity
470,The Reality Of Aid (ROA),Quezon City,"Organizations having a special form, eg foundation, funds",international organization membership,disadvantaged; aid; philosophy; humanitarian
471,The Sphere Project,Geneva,"Organizations emanating from places, persons or other bodies",,standards; humanitarian; responsibility
472,The Vaccine Alliance (Gavi),"Le Grand-Saconnex, Switzerland","Organizations having a special form, eg foundation, funds",,physiology; epidemics
473,The William and Flora Hewlett Foundation,Menlo Park CA,Internationally-oriented national organizations,foundation/fund,plants; finance
474,Transparency International,Berlin,"Organizations having a special form, eg foundation, funds",,censorship; corruption
475,"Transparency, Accountability and Participation Network (TAP Network)",New York NY,"Organizations having a special form, eg foundation, funds",international organization membership,participation; censorship; responsibility
476,Trickle Up Program,New York NY,"Organizations having a special form, eg foundation, funds",,disadvantaged; unemployment; self employed; living conditions; development
477,UHC2030,Geneva,"Organizations emanating from places, persons or other bodies",,health
478,UK Consortium on AIDS and International Development,London,Internationally-oriented national organizations,international organization membership,sexually transmitted diseases; development
479,UN Women,New York NY,"Organizations having a special form, eg foundation, funds",intergovernmental organization,women; sex-related questions; United Nations; empowerment; equality
480,UNESCO Institute for Statistics (UIS),Montreal QC,"Organizations emanating from places, persons or other bodies",intergovernmental organization; research institute,statistics; UNESCO bodies
481,"UNESCO Office, Jakarta - Regional Bureau for Sciences in Asia and the Pacific",Jakarta,"Organizations emanating from places, persons or other bodies",intergovernmental organization,communication; education; science; culture; UNESCO bodies
482,Unitarian Universalist Service Committee (UUSC),Cambridge MA,Internationally-oriented national organizations,,services; Protestant; planetary initiatives
483,United Methodist Committee on Relief,New York NY,Internationally-oriented national organizations,,welfare; Methodist; humanitarian
484,United Nations Children's Fund (UNICEF),New York NY,"Organizations having a special form, eg foundation, funds",foundation/fund; intergovernmental organization,infants; funds; United Nations
485,United Nations Conference on Trade and Development (UNCTAD),Geneva,"Organizations emanating from places, persons or other bodies",intergovernmental organization,investment; trade; business enterprises; utilities; economy; strategy; United Nations; planetary initiatives; development; policy
486,United Nations Development Fund for Women (UNIFEM),,Currently inactive non-conventional bodies,dissolved/dormant; foundation/fund; intergovernmental organization,women; sex-related questions; funds; United Nations; development; equality
487,United Nations Development Programme (UNDP),New York NY,"Organizations emanating from places, persons or other bodies",intergovernmental organization,United Nations; development; human rights organizations
488,United Nations Economic and Social Council (ECOSOC),New York NY,"Organizations emanating from places, persons or other bodies",intergovernmental organization,social; economic; United Nations; human rights organizations
489,"United Nations Educational, Scientific and Cultural Organization (UNESCO)",Paris,Universal membership organizations,intergovernmental organization,education; science; culture; UNESCO bodies; United Nations
490,United Nations Environment Programme (UNEP),Nairobi,"Organizations emanating from places, persons or other bodies",intergovernmental organization,environment; United Nations; leadership
491,United Nations Framework Convention on Climate Change - Secretariat (UNFCCC),Bonn,"Organizations emanating from places, persons or other bodies",intergovernmental organization,climate; agreements; United Nations
492,United Nations Girls' Education Initiative (UNGEI),New York NY,"Organizations having a special form, eg foundation, funds",intergovernmental organization,adolescents; education; United Nations
493,United Nations High Commissioner for Refugees (UNHCR),Geneva,"Organizations emanating from places, persons or other bodies",intergovernmental organization,refugees; officials; United Nations
494,United Nations Human Settlements Programme (UN-Habitat),Nairobi,"Organizations emanating from places, persons or other bodies",intergovernmental organization,settlements; towns; United Nations
495,United Nations Industrial Development Organization (UNIDO),Vienna,Universal membership organizations,intergovernmental organization,industry; United Nations; development
496,United Nations Institute for Disarmament Research (UNIDIR),Geneva,"Organizations emanating from places, persons or other bodies",intergovernmental organization; research institute,research; United Nations; disarmament
497,United Nations Mine Action Service (UNMAS),New York NY,"Organizations emanating from places, persons or other bodies",intergovernmental organization,services; mining; United Nations
498,United Nations Office at Vienna (UNOV),Vienna,"Organizations emanating from places, persons or other bodies",intergovernmental organization,United Nations
499,United Nations Office for Disarmament Affairs (UNODA),New York NY,"Organizations emanating from places, persons or other bodies",intergovernmental organization,United Nations; disarmament
500,United Nations Office for the Coordination of Humanitarian Affairs (OCHA),New York NY,"Organizations emanating from places, persons or other bodies",intergovernmental organization,coordination; United Nations; humanitarian
501,United Nations Office for the Coordination of Humanitarian Assistance to Afghanistan (UNOCHA),,Currently inactive non-conventional bodies,dissolved/dormant; intergovernmental organization,refugees; welfare; rehabilitation; coordination; United Nations; assistance; cooperative; humanitarian
502,United Nations Office of Legal Affairs (UNOLA),,(Unreported),,
503,United Nations Population Fund (UNFPA),New York NY,"Organizations having a special form, eg foundation, funds",foundation/fund; intergovernmental organization,reproductive system; funds; health; population; United Nations
504,United Nations Regional Centre for Peace and Disarmament in Africa (UNREC),"Lome, Togo","Organizations emanating from places, persons or other bodies",intergovernmental organization,United Nations; disarmament; peace
505,"United Nations Regional Centre for Peace, Disarmament and Development in Latin America and the Caribbean (UNLIREC)",Lima,"Organizations emanating from places, persons or other bodies",intergovernmental organization,United Nations; disarmament; development; peace
506,United Nations Relief and Works Agency for Palestine Refugees in the Near East (UNRWA),Amman,"Organizations emanating from places, persons or other bodies",intergovernmental organization,refugees; agency; welfare; business enterprises; United Nations; humanitarian
507,United Nations Research Institute for Social Development (UNRISD),Geneva,"Organizations emanating from places, persons or other bodies",intergovernmental organization; research institute; primarily individuals as members,society; research; United Nations
508,United States Agency for International Development (USAID),Washington DC,Internationally-oriented national organizations,intergovernmental organization,agency; diplomacy; development; sustainable development; assistance; humanitarian
509,United States Institute of Peace (USIP),Washington DC,Internationally-oriented national organizations,research institute,peace
510,Unrepresented Nations and Peoples Organization (UNPO),Brussels,"Organizations having a special form, eg foundation, funds",,peoples; politics
511,UPR Info,Geneva,"Organizations emanating from places, persons or other bodies",,information; United Nations; rights; human rights organizations
512,Verband Entwicklungspolitik und Humanitäre Hilfe e.V. (VENRO),Berlin,Internationally-oriented national organizations,international organization membership,disadvantaged; nongovernmental; development; cooperation
513,Vision GRAM-International,Ottawa ON,Internationally-oriented national organizations,,rights; comprehension
514,VisionFund International,London,"Organizations emanating from places, persons or other bodies",foundation/fund,welfare; finance; funds
515,Voluntary Organisations in Cooperation in Emergencies (VOICE),Brussels,"Organizations emanating from places, persons or other bodies",international organization membership,voluntary; emergencies; cooperation
516,War Child International,Amsterdam,"Organizations having a special form, eg foundation, funds",,infants; protection; emergencies; mental health; education; distance education; war; psychology; humanitarian
517,Watchlist on Children and Armed Conflict (Watchlist),New York NY,Internationally-oriented national organizations,,infants; maltreatment; war; rights
518,West Africa Action Network on Small Arms,Accra,"Organizations emanating from places, persons or other bodies",,arms
519,West Africa Network for Peacebuilding,Accra,"Organizations having a special form, eg foundation, funds",international organization membership,peacekeeping
520,West African Bar Association (WABA),,Regionally defined membership organizations,,lawyers
521,Women's Refugee Commission (WRC),New York NY,Internationally-oriented national organizations,,women; refugees
522,World Alliance for Breastfeeding Action (WABA),Penang,Universal membership organizations,international organization membership,infants; nutrition
523,World Benchmarking Alliance (WBA),Amsterdam,Intercontinental membership organizations,international organization membership,reference; private; sustainable development; future
524,World Coalition Against the Death Penalty,"Montreuil, France","Organizations having a special form, eg foundation, funds",international organization membership,punishment
525,World Council of Churches (WCC),Geneva,Universal membership organizations,international organization membership,churches
526,World Federalist Movement - Movement for a Just World Order through a Strengthened United Nations (WFM),The Hague,"Organizations having a special form, eg foundation, funds",,political theories; community
527,World Food Programme (WFP),Rome,"Organizations having a special form, eg foundation, funds",intergovernmental organization,food; FAO bodies; United Nations; humanitarian
528,World Forum Foundation,Lincoln NE,"Organizations having a special form, eg foundation, funds",foundation/fund; international organization membership,infants
529,World Health Organization (WHO),Geneva,Universal membership organizations,intergovernmental organization,living conditions; health; WHO bodies; United Nations
530,World Renew,Burlington ON,Internationally-oriented national organizations,,welfare; Christianity; Protestant; humanitarian
531,World Sikh Organization (WSO),,"Organizations having a special form, eg foundation, funds",,religious observance
532,World University Service (WUS),"Wiesbaden, Germany",Universal membership organizations,,services; universities
533,World Vision International,"Uxbridge, UK",Universal membership organizations,,Christianity; humanitarian; comprehension
534,World Vision US,,(Unreported),,
535,World Young Women's Christian Association (World YWCA),"Le Grand-Saconnex, Switzerland",Universal membership organizations,,women; adolescents; youth; Christianity; leadership
536,WorldFish,"Bayan Lepas, Malaysia","Organizations emanating from places, persons or other bodies",,climate; oceanography; sex-related questions; undernourishment; food security; government; fisheries; management; sustainable development; integration